pivot_sample,confirmation_sample,elapsed_seconds,timestampUs,x,y,angle,incoming_pixels,outgoing_pixels,incoming_speed,outgoing_speed,rejected_by
401,402,9.09966,1789749913665679,23.016048431396484,45.46451950073242,5.4189857371908525,15.990998181595225,16.46817498418883,931.1709183948772,906.189125856426,"outside_board,angle"
402,403,9.117841,1789749913683852,38.906314849853516,49.78889465332031,3.4040420243867304,16.46817498418883,16.151693920417827,906.189125856426,1271.6867900494312,"outside_board,angle"
403,404,9.130551,1789749913696553,54.211875915527344,54.948062896728516,7.198648153543621,16.151693920417827,16.051141711908897,1271.6867900494312,863.8470325552391,"outside_board,angle"
404,405,9.149146,1789749913715134,68.6597900390625,61.940696716308594,3.4465519289461364,16.051141711908897,14.005189940748911,863.8470325552391,790.8962017590304,"outside_board,angle"
405,406,9.166835,1789749913732842,80.87651062011719,68.7888412475586,3.2351159745373863,14.005189940748911,13.698368416759328,790.8962017590304,673.1384971380505,angle
406,407,9.187195,1789749913753192,92.42855072021484,76.1506118774414,4.0996435989121185,13.698368416759328,12.133000490271504,673.1384971380505,1057.8952384925892,angle
407,408,9.198646,1789749913764661,102.16815185546875,83.38593292236328,3.7406686673842637,12.133000490271504,11.611556122982616,1057.8952384925892,623.5396908485993,angle
408,409,9.217279,1789749913783283,111.01756286621094,90.90365600585938,22.774458121739613,11.611556122982616,6.059023386321733,623.5396908485993,353.33702975983977,angle
409,410,9.234419,1789749913800431,113.7567138671875,96.30817413330078,55.28886213497367,6.059023386321733,4.944542459631486,353.33702975983977,398.52844842681435,
412,413,9.284188,1789749913850161,100.1754379272461,110.5479965209961,5.730526605899652,8.090667678744948,9.055630712418564,462.0070625139875,629.3002579860016,"cooldown,angle"
413,414,9.298552,1789749913864551,93.91751861572266,117.09344482421875,6.965017169798011,9.055630712418564,9.450753638516192,629.3002579860016,511.54282211183715,"cooldown,angle"
414,415,9.317011,1789749913883026,88.26309967041016,124.66604614257812,6.162622636830538,9.450753638516192,11.080701886188352,511.54282211183715,552.8740587859671,"cooldown,angle"
415,416,9.337059,1789749913903068,82.62491607666016,134.20506286621094,4.9414024009060356,11.080701886188352,12.041079058205975,552.8740587859671,1185.0289398883945,"cooldown,angle"
425,426,9.497491,1789749914063497,26.016971588134766,151.03192138671875,10.89819902444288,9.358776729270486,10.674171440314643,731.3258364671788,578.3264582713682,"outside_board,angle"
426,427,9.51595,1789749914081954,19.632516860961914,142.4775848388672,8.364314568612405,10.674171440314643,11.615829340745478,578.3264582713682,648.4580662505151,"outside_board,angle"
427,428,9.533865,1789749914099867,11.40458869934082,134.2782745361328,6.570068337378659,11.615829340745478,11.090641157341846,648.4580662505151,568.6341856717518,"outside_board,angle"
428,429,9.553375,1789749914119371,4.495996952056885,125.60223388671875,0.5764297982352932,11.090641157341846,8.464066299604731,568.6341856717518,680.8837824474886,"outside_board,angle"
478,479,10.382207,1789749914948225,11.755060195922852,62.43189239501953,6.48451440332095,10.05362124048008,12.62388458613313,565.9548097545643,657.2201471331284,"outside_board,angle"
479,480,10.401419,1789749914967433,23.58083152770996,66.84931182861328,0.6712547446420881,12.62388458613313,13.16550460962856,657.2201471331284,782.31057161023,"outside_board,angle"
480,481,10.418244,1789749914984262,35.967105865478516,71.31145477294922,8.232700303688365,13.16550460962856,11.862404417163173,782.31057161023,850.5954694653071,"outside_board,angle"
481,482,10.432202,1789749914998208,46.43668746948242,76.88859558105469,0.7972469008215455,11.862404417163173,12.989411358463727,850.5954694653071,713.6647084480923,"outside_board,angle"
482,483,10.450395,1789749915016409,57.81486511230469,83.15452575683594,4.504491572692324,12.989411358463727,11.846187358442627,713.6647084480923,606.0980996900806,angle
483,484,10.470056,1789749915035954,67.71077728271484,89.66629028320312,4.156197857979862,11.846187358442627,10.727113355859819,606.0980996900806,907.1554634976592,angle
484,485,10.481763,1789749915047779,76.2209243774414,96.19686126708984,16.745878800073573,10.727113355859819,6.909507602540336,907.1554634976592,396.6194594191112,angle
485,486,10.499189,1789749915065200,80.25799560546875,101.8042984008789,59.11505293629488,6.909507602540336,4.988761392353671,396.6194594191112,293.50834808223044,
488,489,10.549998,1789749915116013,67.02436065673828,115.37022399902344,3.513616078083334,7.644264057817346,8.950157207084933,412.7795268544385,510.4458313610661,"cooldown,angle"
489,490,10.567538,1789749915133547,60.29473114013672,121.2708511352539,5.653276661498137,8.950157207084933,9.94909341784887,510.4458313610661,543.2210438355921,"cooldown,angle"
490,491,10.585844,1789749915151862,53.49652099609375,128.53506469726562,3.9662315203252496,9.94909341784887,10.358967774582807,543.2210438355921,728.8888104828882,"cooldown,outside_board,angle"
491,492,10.600067,1789749915166074,46.958351135253906,136.5700225830078,9.792279452947843,10.358967774582807,11.156541010479902,728.8888104828882,643.6218420722224,"cooldown,outside_board,angle"
551,552,11.600787,1789749916166807,43.69579315185547,42.039615631103516,0.07572303896645684,20.53069881865643,16.87868781919022,1183.8714576551972,898.6151210770494,"outside_board,angle"
552,553,11.619587,1789749916185590,60.11867141723633,45.93566131591797,6.636041197195008,16.87868781919022,16.91889576421039,898.6151210770494,1175.3314181459111,"outside_board,angle"
553,554,11.633962,1789749916199985,76.01907348632812,51.71720504760742,6.634302975800009,16.91889576421039,17.725434847335446,1175.3314181459111,1037.8496895213682,"outside_board,angle"
554,555,11.651043,1789749916217064,91.86611938476562,59.65837478637695,2.784915954355613,17.725434847335446,15.390001978002402,1037.8496895213682,1176.7855924455118,"outside_board,angle"
555,556,11.664124,1789749916230142,105.27397155761719,67.21361541748047,4.056089212989588,15.390001978002402,14.431596793876645,1176.7855924455118,738.189094315941,angle
556,557,11.683674,1789749916249692,117.31423950195312,75.16992950439453,3.264231454407489,14.431596793876645,13.111891016947013,738.189094315941,869.315853407612,angle
557,558,11.698766,1789749916264775,127.8241195678711,83.00983428955078,5.5002372110152375,13.111891016947013,12.227222350310793,869.315853407612,674.2333802211631,angle
558,559,11.716904,1789749916282910,136.87901306152344,91.22651672363281,3.6809443715201917,12.227222350310793,11.978959483527783,674.2333802211631,618.9077490843598,angle
559,560,11.736248,1789749916302265,145.21495056152344,99.82928466796875,8.20427026053807,11.978959483527783,9.875973940853035,618.9077490843598,939.4952379045885,angle
560,561,11.74675,1789749916312777,151.0050048828125,107.82991790771484,41.90838747493062,9.875973940853035,6.401356165573276,939.4952379045885,320.5967929870925,
563,564,11.801195,1789749916367222,140.49684143066406,125.12661743164062,0.9252420682105467,8.292093337772824,8.809675936781417,537.2962701855001,546.5059514132394,"cooldown,angle"
564,565,11.817323,1789749916383342,134.39682006835938,131.48272705078125,6.367415384663463,8.809675936781417,10.300979237345363,546.5059514132394,779.7864676264468,"cooldown,angle"
565,566,11.830526,1789749916396552,128.13243103027344,139.6599884033203,6.889185094232967,10.300979237345363,11.376067911050837,779.7864676264468,608.0207328193927,"cooldown,angle"
576,577,12.018791,1789749916584820,65.39712524414062,145.81753540039062,1.0616046122038887,9.470741047208486,9.742932414685088,548.0752920838245,763.0145206895675,angle
577,578,12.031567,1789749916597589,58.544158935546875,138.89210510253906,1.0770818062704,9.742932414685088,10.800342328733997,763.0145206895675,581.2886075744885,angle
578,579,12.050148,1789749916616169,50.804466247558594,131.3592071533203,7.6979221724262,10.800342328733997,9.622971165272073,581.2886075744885,507.2998663752477,"outside_board,angle"
579,580,12.069116,1789749916635138,43.07160568237305,125.6316909790039,10.833215811607822,9.622971165272073,8.887283894848508,507.2998663752477,771.5325891873,"outside_board,angle"
580,581,12.080633,1789749916646657,35.06301498413086,121.77860260009766,11.135083070576334,8.887283894848508,8.31070368689021,771.5325891873,400.9215923049935,"outside_board,angle"
581,582,12.101399,1789749916667386,27.01913833618164,119.68962097167969,8.063270446775135,8.31070368689021,7.931212813640952,400.9215923049935,546.5278950965375,"outside_board,angle"
582,583,12.11587,1789749916681898,19.138826370239258,118.7925033569336,12.756118710114702,7.931212813640952,8.607832269221976,546.5278950965375,479.99956890771074,"outside_board,angle"
583,584,12.133822,1789749916699831,10.582342147827148,119.73130798339844,12.23691957061882,8.607832269221976,7.589472076478036,479.99956890771074,391.79557464653533,"outside_board,angle"
584,585,12.153198,1789749916719202,3.3849940299987793,122.13926696777344,19.937872487607635,7.589472076478036,6.298413548820359,391.79557464653533,434.07398682428385,"outside_board,angle"
708,709,14.217239,1789749918783270,38.098358154296875,33.82302474975586,3.9934073621926314,20.96215184684934,19.17005620472972,1116.849690811942,1388.5307985462637,"outside_board,angle"
709,710,14.231037,1789749918797076,56.39295196533203,39.55005645751953,4.316443654583319,19.17005620472972,18.465920113626616,1388.5307985462637,1113.7466896035355,"outside_board,angle"
710,711,14.247623,1789749918813656,73.55036926269531,46.377445220947266,3.5011176674948965,18.465920113626616,16.783672973620096,1113.7466896035355,899.44656878993,"outside_board,angle"
711,712,14.266282,1789749918832316,88.73668670654297,53.52359390258789,5.240935250337877,16.783672973620096,16.59665155737006,899.44656878993,973.696189930775,"outside_board,angle"
712,713,14.283325,1789749918849361,103.04551696777344,61.93229293823242,4.361679767855961,16.59665155737006,15.143810590035605,973.696189930775,1104.4202588999128,"outside_board,angle"
713,714,14.29704,1789749918863073,115.4804458618164,70.57564544677734,2.838077461087744,15.143810590035605,13.810669065553334,1104.4202588999128,772.3655872464254,angle
714,715,14.314931,1789749918880954,126.41650390625,79.00993347167969,5.789293131802609,13.810669065553334,12.462914684338864,772.3655872464254,656.8070979888729,angle
715,716,14.333906,1789749918899929,135.46725463867188,87.57778930664062,4.164324021081826,12.462914684338864,10.881765589959093,656.8070979888729,890.6339490881562,angle
716,717,14.346117,1789749918912147,142.80564880371094,95.61276245117188,37.88515831733078,10.881765589959093,5.590993248735466,890.6339490881562,296.4785899212783,
719,720,14.398522,1789749918964542,132.98524475097656,111.12345886230469,3.2127107875262717,7.796534015830648,8.761530123852799,435.80402547963376,475.6272799442375,"cooldown,angle"
720,721,14.416938,1789749918982963,126.49506378173828,117.00920104980469,5.120269476777505,8.761530123852799,9.665672948757827,475.6272799442375,728.9895881105534,"cooldown,angle"
721,722,14.430196,1789749918996222,119.94319152832031,124.11540985107422,6.854877639399486,9.665672948757827,10.6947502839221,728.9895881105534,609.978342777739,"cooldown,angle"
722,723,14.447724,1789749919013755,113.68404388427734,132.78724670410156,6.949064034999392,10.6947502839221,12.171567885488745,609.978342777739,625.658881746106,"cooldown,angle"
733,734,14.632856,1789749919198892,45.15275955200195,144.54861450195312,1.7384534279523038,10.149799776579403,10.362420095439381,516.2927807405973,626.7719164966662,"outside_board,angle"
734,735,14.649391,1789749919215425,38.538082122802734,136.57203674316406,1.6292932625849568,10.362420095439381,11.271061231560518,626.7719164966662,514.7308412823911,"outside_board,angle"
735,736,14.67135,1789749919237322,31.0996150970459,128.10409545898438,6.06333623117794,11.271061231560518,10.74984977859614,514.7308412823911,1192.3080943429613,"outside_board,angle"
736,737,14.680292,1789749919246338,23.191728591918945,120.82229614257812,6.857934693957267,10.74984977859614,10.024207519569428,1192.3080943429613,530.2971760868343,"outside_board,angle"
737,738,14.699195,1789749919265241,15.059593200683594,114.96114349365234,6.1340185650944585,10.024207519569428,8.632963818459736,530.2971760868343,568.4068882314812,"outside_board,angle"
738,739,14.714394,1789749919280429,7.556832790374756,110.69070434570312,8.21710027368265,8.632963818459736,7.492141324276841,568.4068882314812,422.87866592971955,"outside_board,angle"
787,788,15.53091,1789749920096946,14.569527626037598,48.26279830932617,5.9518046959222835,12.642473975941286,12.99046193119698,1075.40608846047,666.7930361973606,"outside_board,angle"
788,789,15.550387,1789749920116428,26.503509521484375,53.394287109375,4.296098057985079,12.99046193119698,12.446651761068916,666.7930361973606,818.91254431666,"outside_board,angle"
789,790,15.565603,1789749920131627,37.53746795654297,59.15370559692383,3.2254553346536223,12.446651761068916,11.715195848436423,818.91254431666,655.3222491713611,"outside_board,angle"
790,791,15.583465,1789749920149504,47.60152816772461,65.1504135131836,3.0924922127494807,11.715195848436423,12.582832176044375,655.3222491713611,828.3628818989055,"outside_board,angle"
791,792,15.598658,1789749920164694,58.0477294921875,72.16500854492188,3.494393669848504,12.582832176044375,11.27413000417657,828.3628818989055,600.1985734761803,angle
792,793,15.617443,1789749920183478,67.00697326660156,79.00883483886719,5.457864750557858,11.27413000417657,11.197621489963147,600.1985734761803,610.6239224540925,angle
793,794,15.635777,1789749920201816,75.21855163574219,86.62176513671875,25.699413153079398,11.197621489963147,5.723882248231908,610.6239224540925,548.2120724290688,angle
794,795,15.64622,1789749920212257,77.31330108642578,91.94857025146484,57.05464844299693,5.723882248231908,4.358160856479588,548.2120724290688,207.0581934853472,
797,798,15.699701,1789749920265733,62.96421432495117,102.93232727050781,5.807389972661674,7.624361244807885,8.767162458034399,488.3967231316306,470.2404236233854,"cooldown,angle"
798,799,15.718335,1789749920284377,56.036598205566406,108.30552673339844,6.132661994052697,8.767162458034399,9.722761103188532,470.2404236233854,592.6344692910235,"cooldown,angle"
799,800,15.734755,1789749920300783,49.034446716308594,115.05104064941406,7.6990606890047335,9.722761103188532,9.908495614882712,592.6344692910235,810.1795269732389,"cooldown,outside_board,angle"
800,801,15.746972,1789749920313013,42.883819580078125,122.81944274902344,7.76485843732236,9.908495614882712,10.887388412634408,810.1795269732389,562.0167464709069,"cooldown,outside_board,angle"
801,802,15.766348,1789749920332385,37.340782165527344,132.1901397705078,4.14756093626889,10.887388412634408,12.072859544555977,562.0167464709069,756.8241941170999,"cooldown,outside_board,angle"
868,869,16.885235,1789749921451290,66.11048126220703,62.01588439941406,1.4787577994147367,17.81006845877966,16.18692408772845,949.5664565354905,1257.627541584061,"outside_board,angle"
869,870,16.898115,1789749921464161,81.1224594116211,68.07038879394531,5.140430608039904,16.18692408772845,14.912253379339194,1257.627541584061,837.7670437831008,angle
870,871,16.915924,1789749921481961,94.39691925048828,74.86479949951172,3.957789295828882,14.912253379339194,13.636418947092245,837.7670437831008,697.8720034335847,angle
871,872,16.935457,1789749921501501,106.077880859375,81.90092468261719,3.117292998524269,13.636418947092245,12.263600969436144,697.8720034335847,1101.8509406501478,angle
872,873,16.946586,1789749921512631,116.22323608398438,88.79060363769531,5.849034014117027,12.263600969436144,12.168009770909366,1101.8509406501478,592.6363613339843,angle
873,874,16.967113,1789749921533163,125.54046630859375,96.6168212890625,7.695986771568258,12.168009770909366,9.235429184438589,592.6363613339843,612.7134070482709,angle
874,875,16.982191,1789749921548236,131.7530059814453,103.45037841796875,48.17706093447327,9.235429184438589,5.009552031588237,612.7134070482709,258.63761844123275,
877,878,17.03304,1789749921599090,122.06855773925781,117.54479217529297,1.0759490995164456,7.387858744914545,7.830667446141654,359.24428616166034,414.93574852382653,"cooldown,angle"
878,879,17.051909,1789749921617962,116.39435577392578,122.94134521484375,7.902640522789268,7.830667446141654,8.838503971554417,414.93574852382653,666.6041158122345,"cooldown,angle"
879,880,17.065176,1789749921631221,110.88815307617188,129.85516357421875,5.975024366610884,8.838503971554417,10.599004916639428,666.6041158122345,605.5190194606621,"cooldown,angle"
880,881,17.082678,1789749921648725,105.18411254882812,138.7884063720703,6.359667618784123,10.599004916639428,11.471849983269372,605.5190194606621,570.6536329537568,"cooldown,angle"
891,892,17.265324,1789749921831369,46.77438735961914,141.8458709716797,2.0032473031597835,9.127332063085515,8.96580111983659,613.1487345885741,527.9279938666072,"outside_board,angle"
892,893,17.282307,1789749921848352,41.026527404785156,134.96490478515625,2.79503527935811,8.96580111983659,9.260627852999447,527.9279938666072,460.4757522251229,"outside_board,angle"
893,894,17.302415,1789749921868463,34.75014877319336,128.15562438964844,4.2567813663938,9.260627852999447,9.101563309671025,460.4757522251229,865.8260378301965,"outside_board,angle"
894,895,17.312925,1789749921878975,28.101844787597656,121.93963623046875,9.463836381360363,9.101563309671025,8.42225303188788,865.8260378301965,429.59719621973375,"outside_board,angle"
895,896,17.332532,1789749921898580,21.08769989013672,117.27743530273438,8.135525558092679,8.42225303188788,7.659916778152685,429.59719621973375,387.66722901729264,"outside_board,angle"
896,897,17.352287,1789749921918339,14.172584533691406,113.982666015625,8.697523255988092,7.659916778152685,7.116576723566657,387.66722901729264,495.1695465882728,"outside_board,angle"
897,898,17.366678,1789749921932711,7.358970642089844,111.9283218383789,16.0692010289542,7.116576723566657,5.633473961722429,495.1695465882728,364.10767591277335,"outside_board,angle"
941,942,18.099406,1789749922665458,34.36256408691406,0.547393262386322,2.109690741169936,22.88240145231264,20.410202753735952,1202.185638978283,1043.5197481331331,"outside_board,angle"
942,943,18.118962,1789749922685017,54.77252960205078,0.44898533821105957,12.495740548501438,20.410202753735952,19.120527557703877,1043.5197481331331,1639.9800632733406,"outside_board,angle"
943,944,18.130634,1789749922696676,73.4598617553711,4.495983123779297,8.032317571140041,19.120527557703877,17.87481141296236,1639.9800632733406,922.5709116367669,"outside_board,angle"
944,945,18.15,1789749922716051,90.22966003417969,10.68328857421875,5.693690354630621,17.87481141296236,16.768636917444315,922.5709116367669,1193.497289497816,"outside_board,angle"
945,946,18.164058,1789749922730101,105.30819702148438,18.019834518432617,5.684691240378691,16.768636917444315,15.810659606340922,1193.497289497816,834.1155160295923,"outside_board,angle"
946,947,18.183013,1789749922749056,118.77019500732422,26.311491012573242,4.243638076366158,15.810659606340922,14.45733183272451,834.1155160295923,794.5771823426496,"outside_board,angle"
947,948,18.201195,1789749922767251,130.485107421875,34.78351974487305,4.094396819732972,14.45733183272451,13.853388439810553,794.5771823426496,1179.1121320802242,"outside_board,angle"
948,949,18.212946,1789749922779000,141.10235595703125,43.68241882324219,6.798606125760951,13.853388439810553,14.43557829457376,1179.1121320802242,725.0780197184067,"outside_board,angle"
949,950,18.232856,1789749922798909,150.9902801513672,54.19977951049805,3.366699356174469,14.43557829457376,13.677075218936098,725.0780197184067,707.5935236657923,"outside_board,angle"
950,951,18.252183,1789749922818238,159.75729370117188,64.6974868774414,2.9895133320625025,13.677075218936098,13.097924904177397,707.5935236657923,1081.757920728229,angle
951,952,18.264302,1789749922830346,167.61734008789062,75.17485809326172,3.8577882745856598,13.097924904177397,12.71334211556458,1081.757920728229,661.8774529136078,angle
952,953,18.283504,1789749922849554,174.5450897216797,85.83484649658203,20.335400732752703,12.71334211556458,8.180972974232313,661.8774529136078,604.8778539173614,angle
953,954,18.297029,1789749922863079,176.3413848876953,93.81617736816406,38.19030579385804,8.180972974232313,6.400048884568538,604.8778539173614,348.2261757749898,
956,957,18.345705,1789749922911761,162.88182067871094,111.25650024414062,5.139826533604354,8.42516041756489,10.078346446518992,774.0867711838376,501.4601675051743,"cooldown,angle"
957,958,18.365804,1789749922931859,156.65296936035156,119.17953491210938,5.86188176733251,10.078346446518992,10.994788234481414,501.4601675051743,556.134963807861,"cooldown,angle"
958,959,18.385573,1789749922951629,150.77601623535156,128.47183227539062,6.3558874752728265,10.994788234481414,11.78185415277168,556.134963807861,980.5954351037605,"cooldown,angle"
959,960,18.397591,1789749922963644,145.61940002441406,139.06529235839844,3.1179408356913836,11.78185415277168,14.12537905104805,980.5954351037605,747.2954740793593,"cooldown,angle"
969,970,18.564687,1789749923130734,91.96891021728516,142.94252014160156,1.1959867853621522,10.333576485699734,11.12602578548988,558.5415104967155,523.232965833798,angle
970,971,18.585943,1789749923151998,85.58464813232422,133.83045959472656,2.0276979856487953,11.12602578548988,10.933037081875922,523.232965833798,963.772662365649,angle
971,972,18.597291,1789749923163342,78.99823760986328,125.10403442382812,2.250861659841509,10.933037081875922,10.846383608177911,963.772662365649,576.1691159722662,angle
972,973,18.616119,1789749923182167,72.12905883789062,116.7100830078125,6.245329954672601,10.846383608177911,9.981805054848456,576.1691159722662,673.4452202704397,angle
973,974,18.630938,1789749923196989,65.00459289550781,109.7187728881836,11.78378192300619,9.981805054848456,9.614618567042891,673.4452202704397,516.2488491754129,angle
974,975,18.649563,1789749923215613,56.911590576171875,104.52799224853516,7.114937295391517,9.614618567042891,9.068758446108538,516.2488491754129,612.464270014759,angle
975,976,18.664367,1789749923230420,48.730411529541016,100.61510467529297,14.901684680950009,9.068758446108538,8.403994775151354,612.464270014759,432.83862665592056,"outside_board,angle"
976,977,18.683792,1789749923249836,40.47142791748047,99.06065368652344,8.935987016986306,8.403994775151354,7.796074568161515,432.83862665592056,582.5791786101864,"outside_board,angle"
977,978,18.697149,1789749923263218,32.67887878417969,98.82622528076172,8.888041642414317,7.796074568161515,7.979325079093652,582.5791786101864,416.71846036628637,"outside_board,angle"
978,979,18.716311,1789749923282366,24.76186180114746,99.82144927978516,12.875491069189277,7.979325079093652,8.475519067216007,416.71846036628637,572.5541489708847,"outside_board,angle"
979,980,18.731118,1789749923297169,16.799524307250977,102.72586059570312,9.00732089468213,8.475519067216007,9.267855545833074,572.5541489708847,502.2139127469965,"outside_board,angle"
980,981,18.749568,1789749923315623,8.697419166564941,107.22575378417969,15.922807506745972,9.267855545833074,9.81053528099769,502.2139127469965,619.5084163297354,"outside_board,angle"
1021,1022,19.430526,1789749923996581,11.026067733764648,17.847064971923828,0.8241843090090467,10.273552227271502,14.246352698107618,812.3311636966475,766.9638060892391,"outside_board,angle"
1022,1023,19.449099,1789749924015156,24.157779693603516,23.371257781982422,2.178366280472834,14.246352698107618,13.83315227413317,766.9638060892391,707.469558335456,"outside_board,angle"
1023,1024,19.468665,1789749924034709,36.695518493652344,29.21601676940918,6.607345507743051,13.83315227413317,13.081221189396416,707.469558335456,1106.7959378455382,"outside_board,angle"
1024,1025,19.480469,1789749924046528,47.8370246887207,36.07059097290039,2.5357513631497786,13.081221189396416,12.40583100808217,1106.7959378455382,731.7347533373935,"outside_board,angle"
1025,1026,19.497429,1789749924063482,58.1053352355957,43.03237533569336,3.9864055505729277,12.40583100808217,11.603466284826547,731.7347533373935,565.6364572890001,"outside_board,angle"
1026,1027,19.517939,1789749924083996,67.23361206054688,50.195823669433594,5.9474563826272275,11.603466284826547,12.462756464679709,565.6364572890001,961.33573470223,"outside_board,angle"
1027,1028,19.530907,1789749924096960,76.1878890991211,58.864227294921875,4.884652159490512,12.462756464679709,11.89987378349632,961.33573470223,630.0229660893858,"outside_board,angle"
1028,1029,19.549789,1789749924115848,84.00191497802734,67.83908081054688,3.4300399122754586,11.89987378349632,12.008956752090175,630.0229660893858,878.8756405218219,angle
1029,1030,19.563456,1789749924129512,91.33155822753906,77.35177612304688,3.149477466430632,12.008956752090175,11.11241021020513,878.8756405218219,578.8919676081023,angle
1030,1031,19.582652,1789749924148708,97.62013244628906,86.51362609863281,1.7363333145516262,11.11241021020513,11.242030920523725,578.8919676081023,582.0061565812656,angle
1031,1032,19.601964,1789749924168024,103.69829559326172,95.97085571289062,24.539664825188854,11.242030920523725,7.644963867740206,582.0061565812656,689.4186912922902,angle
1032,1033,19.613055,1789749924179113,104.78726196289062,103.5378646850586,30.41438016622042,7.644963867740206,6.3407160456681595,689.4186912922902,322.7320224801832,angle
1033,1034,19.63271,1789749924198760,102.38890075683594,109.4074935913086,16.362815656237593,6.3407160456681595,7.104477166265653,322.7320224801832,371.1654127927304,angle
1034,1035,19.651845,1789749924217901,97.95772552490234,114.9607162475586,0.5999205671694574,7.104477166265653,8.229794860197877,371.1654127927304,679.1940959146552,angle
1035,1036,19.663961,1789749924230018,92.75759887695312,121.33944702148438,4.1791453640736345,8.229794860197877,9.199993236442065,679.1940959146552,434.7617426606524,angle
1036,1037,19.685125,1789749924251179,87.47954559326172,128.8748321533203,5.958049177460692,9.199993236442065,10.396655098914653,434.7617426606524,927.0312170231523,angle
1037,1038,19.696322,1789749924262394,82.43109893798828,137.96348571777344,4.927767476005908,10.396655098914653,10.881388046285654,927.0312170231523,562.5491416163808,angle
1047,1048,19.86323,1789749924429284,31.316171646118164,144.26380920410156,0.4363915521135519,9.103651871990325,9.669555512429692,808.9258816412231,483.7680364433506,"outside_board,angle"
1048,1049,19.88324,1789749924449272,24.748476028442383,137.16693115234375,3.2707453704394394,9.669555512429692,10.059210595575601,483.7680364433506,705.216671030258,"outside_board,angle"
1049,1050,19.897478,1789749924463536,18.348474502563477,129.40628051757812,4.919221132621396,10.059210595575601,9.367617008553863,705.216671030258,515.2704625167141,"outside_board,angle"
1050,1051,19.91567,1789749924481716,11.790709495544434,122.71688842773438,2.5669139853562752,9.367617008553863,8.368781082515547,515.2704625167141,422.8151913563152,"outside_board,angle"
1051,1052,19.935458,1789749924501509,5.670406818389893,117.00914001464844,5.047822845827944,8.368781082515547,6.366931965144034,422.8151913563152,599.4099006913984,"outside_board,angle"
1100,1101,20.748966,1789749925315031,16.69940948486328,46.642723083496094,8.736472750543847,14.713454120829253,19.355566099299892,826.8308019572494,998.6361623826175,"outside_board,angle"
1101,1102,20.768343,1789749925334413,35.6837158203125,50.41552734375,4.5633150862747796,19.355566099299892,19.645889080911093,998.6361623826175,1786.6396035750356,"outside_board,angle"
1102,1103,20.779338,1789749925345409,54.5870246887207,55.76584243774414,5.525626936256796,19.645889080911093,18.461051448986417,1786.6396035750356,943.5271107526535,"outside_board,angle"
1103,1104,20.798911,1789749925364975,71.78362274169922,62.480560302734375,3.180687695036322,18.461051448986417,16.250724029116547,943.5271107526535,828.1467680332541,"outside_board,angle"
1104,1105,20.818534,1789749925384598,86.57000732421875,69.22213745117188,4.647204877307492,16.250724029116547,15.046791654050482,828.1467680332541,1283.0895927390195,angle
1105,1106,20.830268,1789749925396325,99.71019744873047,76.55298614501953,4.295964984510933,15.046791654050482,13.605589186534312,1283.0895927390195,648.4719120410997,angle
1106,1107,20.851242,1789749925417306,111.06187438964844,84.05308532714844,3.770472322299937,13.605589186534312,12.448094556709284,648.4719120410997,955.4144260272687,angle
1107,1108,20.864284,1789749925430335,120.97408294677734,91.58323669433594,4.565513628883341,12.448094556709284,11.991991435162653,955.4144260272687,657.5277681304228,angle
1108,1109,20.882513,1789749925448573,129.91537475585938,99.57455444335938,20.71560582226554,11.991991435162653,6.971735637280552,657.5277681304228,369.99074655206454,angle
1109,1110,20.901375,1789749925467416,133.1340789794922,105.7588119506836,47.423141426611416,6.971735637280552,5.115451925597574,369.99074655206454,452.1346937950834,
1112,1113,20.952181,1789749925518247,121.08929443359375,121.47401428222656,3.0545028766450013,8.064989381780151,8.962463784650204,394.78140788977197,702.6076971346978,"cooldown,angle"
1113,1114,20.964938,1789749925531003,115.25300598144531,128.27574157714844,7.056426393150609,8.962463784650204,10.214651657846284,702.6076971346978,591.1256746438821,"cooldown,angle"
1114,1115,20.982219,1789749925548283,109.60399627685547,136.78619384765625,5.769982405093142,10.214651657846284,10.992847495560891,591.1256746438821,581.9400474092585,"cooldown,angle"
1125,1126,21.169044,1789749925735110,52.793697357177734,143.34539794921875,0.6162371121151269,9.871836433582791,10.34576964224264,491.72327324082437,995.5513512550655,"outside_board,angle"
1126,1127,21.17943,1789749925745502,45.89067840576172,135.63934326171875,0.7218257700139519,10.34576964224264,9.900845008354839,995.5513512550655,527.6510876334918,"outside_board,angle"
1127,1128,21.198202,1789749925764266,39.37795639038086,128.1820526123047,3.9669478880461804,9.900845008354839,9.344502954572597,527.6510876334918,517.0421598280639,"outside_board,angle"
1128,1129,21.216275,1789749925782339,32.75900650024414,121.58589935302734,10.670204506302047,9.344502954572597,8.69846719852969,517.0421598280639,630.1410604556424,"outside_board,angle"
1129,1130,21.230077,1789749925796143,25.56731605529785,116.6927490234375,9.360682589634473,8.69846719852969,7.9292950552134105,630.1410604556424,389.1296586942833,"outside_board,angle"
1130,1131,21.250452,1789749925816520,18.37336540222168,113.35796356201172,8.856060829037864,7.9292950552134105,7.888998489178324,389.1296586942833,584.976901169978,"outside_board,angle"
1131,1132,21.263942,1789749925830006,10.790513038635254,111.18157958984375,9.814443825249997,7.888998489178324,6.005226406741703,584.976901169978,321.5822216312361,"outside_board,angle"
1132,1133,21.282613,1789749925848680,4.820408821105957,110.53304290771484,15.291084570016181,6.005226406741703,5.395386058035496,321.5822216312361,372.53235227753197,"outside_board,angle"
1183,1184,22.130661,1789749926696733,17.023359298706055,90.31245422363281,7.200241955190552,9.070404121852091,10.474466190990604,502.01483959774686,524.011515883266,"outside_board,angle"
1184,1185,22.150667,1789749926716722,26.49597930908203,94.78279113769531,5.314520442170263,10.474466190990604,10.602688187279377,524.011515883266,777.950560369754,"outside_board,angle"
1185,1186,22.164277,1789749926730351,35.62421417236328,100.17652130126953,2.2529752271566097,10.602688187279377,10.120012270501515,777.950560369754,561.1007025117274,"outside_board,angle"
1186,1187,22.182319,1789749926748387,44.127777099609375,105.66323852539062,4.978445563405807,10.120012270501515,11.13917205300206,561.1007025117274,596.3473447723144,"outside_board,angle"
1187,1188,22.200994,1789749926767066,52.928306579589844,112.49198913574219,14.426000485491434,11.13917205300206,6.689080405646987,596.3473447723144,556.0332839274304,"outside_board,angle"
1188,1189,22.213026,1789749926779096,57.02480697631836,117.77994537353516,52.689661033339846,6.689080405646987,5.852618462892057,556.0332839274304,279.4412940647468,
1191,1192,22.264114,1789749926830186,47.63909912109375,134.99281311035156,5.643139569955896,7.568616471803695,8.42289899388379,621.6012214030629,494.06962657694675,"cooldown,outside_board,angle"
1192,1193,22.281168,1789749926847234,43.52001953125,142.33981323242188,1.8705615183443702,8.42289899388379,9.295134196384025,494.06962657694675,454.2410299752736,"cooldown,outside_board,angle"
1491,1492,27.263772,1789749931829854,40.81279754638672,1.6258078813552856,22.140202014407542,13.858600919399786,14.197786385687838,1070.575582804155,825.6447072393486,"outside_board,angle"
1492,1493,27.280975,1789749931847050,53.485565185546875,8.0272216796875,6.142001546502231,14.197786385687838,15.121468031029902,825.6447072393486,858.5401709549709,"outside_board,angle"
1493,1494,27.298565,1789749931864663,66.17585754394531,16.250072479248047,5.405359812675736,15.121468031029902,14.388911192940371,858.5401709549709,1020.7073272994518,"outside_board,angle"
1494,1495,27.312665,1789749931878760,77.4605941772461,25.177305221557617,2.927453410334201,14.388911192940371,13.764033245687564,1020.7073272994518,678.1648229053786,"outside_board,angle"
1495,1496,27.33298,1789749931899056,87.80504608154297,34.25700378417969,3.127653788102577,13.764033245687564,12.846311354556656,678.1648229053786,733.3206618653188,"outside_board,angle"
1496,1497,27.350476,1789749931916574,96.9830322265625,43.24545669555664,2.9461747176489355,12.846311354556656,12.908689078036497,733.3206618653188,963.1193820813621,"outside_board,angle"
1497,1498,27.363927,1789749931929977,105.72916412353516,52.7396354675293,6.22502004289179,12.908689078036497,13.107434314987938,963.1193820813621,755.1235346807199,"outside_board,angle"
1498,1499,27.381246,1789749931947335,113.51225280761719,63.2861213684082,6.1814042198574555,13.107434314987938,10.800185544850066,755.1235346807199,609.0444676507115,angle
1499,1500,27.39897,1789749931965068,118.95231628417969,72.61616516113281,33.181559416863315,10.800185544850066,6.002540699969098,609.0444676507115,442.9919335770552,angle
1500,1501,27.412547,1789749931978618,118.64482116699219,78.61082458496094,35.07977905933118,6.002540699969098,6.143215480243857,442.9919335770552,317.3476330325373,
1503,1504,27.463331,1789749932029430,104.53018188476562,95.06114196777344,5.913751757864352,8.311374456673247,8.844801419253182,612.8880212870178,474.4047103225264,"cooldown,angle"
1504,1505,27.481987,1789749932048074,99.5016860961914,102.33745574951172,5.5285959262652415,8.844801419253182,9.956354764792353,474.4047103225264,607.8360662266393,"cooldown,angle"
1505,1506,27.498365,1789749932064454,94.65669250488281,111.03544616699219,5.142121337219545,9.956354764792353,11.305177913550423,607.8360662266393,671.4484714349601,"cooldown,angle"
1506,1507,27.515226,1789749932081291,90.06265258789062,121.36510467529297,4.36868737530407,11.305177913550423,12.149290432634238,671.4484714349601,664.2223187706652,"cooldown,angle"
1507,1508,27.533494,1789749932099582,85.98554229736328,132.8098602294922,2.954684280660193,12.149290432634238,13.05212799562158,664.2223187706652,1017.2338863394576,"cooldown,angle"
1516,1517,27.685792,1789749932251888,42.79832077026367,147.15701293945312,4.555647705951828,10.743386993437655,12.311727457785434,517.0061113300122,1046.7375835559797,"outside_board,angle"
1517,1518,27.697556,1789749932263650,36.65737533569336,136.48614501953125,0.3384875597200193,12.311727457785434,13.273379373081886,1046.7375835559797,739.7525148014204,"outside_board,angle"
1518,1519,27.715496,1789749932281593,30.104848861694336,124.94287872314453,0.729390362601742,13.273379373081886,13.19969893143259,739.7525148014204,832.473444212449,"outside_board,angle"
1519,1520,27.731376,1789749932297449,23.44309425354004,113.54756927490234,2.7214075198849446,13.19969893143259,12.170363090494915,832.473444212449,722.0624794123354,"outside_board,angle"
1520,1521,27.748222,1789749932314304,16.808908462524414,103.34436798095703,9.367150045256984,12.170363090494915,10.733568154009603,722.0624794123354,695.9004249228218,"outside_board,angle"
1521,1522,27.763649,1789749932329728,9.571331024169922,95.41802215576172,2.3116288902360047,10.733568154009603,8.917258614187473,695.9004249228218,503.1461160180259,"outside_board,angle"
1522,1523,27.781373,1789749932347451,3.8289787769317627,88.59578704833984,0.6079823741646757,8.917258614187473,6.775914903155289,503.1461160180259,369.3200470461269,"outside_board,angle"
1791,1792,32.264119,1789749936830234,114.22811889648438,8.197473526000977,9.560230459472823,15.50047978591296,15.70059867395817,899.6215778243158,888.1433801311331,"outside_board,angle"
1792,1793,32.281793,1789749936847912,126.72953033447266,17.69607925415039,3.4404994607383386,15.70059867395817,16.43670795447035,888.1433801311331,1069.749948224559,"outside_board,angle"
1793,1794,32.297195,1789749936863277,139.19671630859375,28.40750503540039,2.99264558506548,16.43670795447035,15.223238094027769,1069.749948224559,869.650847987876,"outside_board,angle"
1794,1795,32.314667,1789749936880782,150.20980834960938,38.917442321777344,5.08530948719416,15.223238094027769,16.77854993430018,869.650847987876,1014.4839430618647,"outside_board,angle"
1795,1796,32.331214,1789749936897321,161.27352905273438,51.53147506713867,2.899196399524537,16.77854993430018,14.770437822042105,1014.4839430618647,767.1360663780049,"outside_board,angle"
1796,1797,32.350454,1789749936916575,170.43899536132812,63.11422348022461,3.050972466284919,14.770437822042105,14.219618825045233,767.1360663780049,1074.8823663954367,angle
1797,1798,32.363672,1789749936929804,178.6566619873047,74.71885681152344,12.959047796209745,14.219618825045233,9.740602613924915,1074.8823663954367,546.3960629340279,angle
1798,1799,32.38154,1789749936947631,182.3598175048828,83.72807312011719,38.551237734673364,9.740602613924915,6.888236660012504,546.3960629340279,406.2658012393102,
1801,1802,32.43074,1789749936996853,170.0135498046875,102.20914459228516,3.3509398043631076,8.509174482663958,9.086706004884915,551.9703219164478,501.16959929871024,"cooldown,angle"
1802,1803,32.448861,1789749937014984,164.22727966308594,109.21537780761719,5.378918014202063,9.086706004884915,10.157629694406074,501.16959929871024,695.3946528654805,"cooldown,angle"
1803,1804,32.463465,1789749937029591,158.521728515625,117.61919403076172,5.451896715480653,10.157629694406074,12.48961013897242,695.3946528654805,790.2815830784878,"cooldown,angle"
1804,1805,32.479269,1789749937045395,152.51979064941406,128.5721435546875,5.565514353074605,12.48961013897242,13.113386073581646,790.2815830784878,555.6519522704087,"cooldown,angle"
1815,1816,32.66517,1789749937231294,92.08675384521484,137.82147216796875,1.4223143609850637,10.646975268116739,11.087629972160737,623.7609273019356,654.56225114592,angle
1816,1817,32.682128,1789749937248233,85.51507568359375,128.89126586914062,0.20286824131155196,11.087629972160737,12.045595790623768,654.56225114592,737.1394523360728,angle
1817,1818,32.698483,1789749937264574,78.41000366210938,119.16427612304688,4.08820034709819,12.045595790623768,11.762656017828583,737.1394523360728,746.1247077595042,angle
1818,1819,32.714235,1789749937280339,70.81230926513672,110.1845703125,5.933522843344141,11.762656017828583,10.71787618192261,746.1247077595042,604.8462856615469,angle
1819,1820,32.731943,1789749937298059,63.08072280883789,102.7619400024414,11.732736548858055,10.71787618192261,10.826726887809077,604.8462856615469,660.287057864797,angle
1820,1821,32.748339,1789749937314456,53.909095764160156,97.00874328613281,7.102867800899828,10.826726887809077,9.682872681392746,660.287057864797,577.8749511454253,"outside_board,angle"
1821,1822,32.765095,1789749937331212,45.1331787109375,92.91712951660156,12.869068461436122,9.682872681392746,8.94457708894514,577.8749511454253,618.1890309589563,"outside_board,angle"
1822,1823,32.779567,1789749937345681,36.38821792602539,91.03800201416016,8.561115898129824,8.94457708894514,8.652602560092678,618.1890309589563,457.9792812201703,"outside_board,angle"
1823,1824,32.79846,1789749937364574,27.752370834350586,90.49978637695312,10.368751312583226,8.652602560092678,8.731403131922281,457.9792812201703,654.675199214387,"outside_board,angle"
1824,1825,32.811782,1789749937377911,19.082433700561523,91.53399658203125,12.65641242646097,8.731403131922281,9.333249431995837,654.675199214387,507.655666684571,"outside_board,angle"
1825,1826,32.830179,1789749937396296,10.282293319702148,94.6431884765625,14.498940723610058,9.333249431995837,10.166760748290857,507.655666684571,572.9043586324161,"outside_board,angle"
2018,2019,36.049039,1789749940615177,48.4783935546875,87.22930908203125,12.251710899111567,17.57085838722522,21.995593027846493,1018.1283107674828,1336.87431032921,"outside_board,angle"
2019,2020,36.065485,1789749940631630,69.1940689086914,94.62301635742188,3.2492041228401973,21.995593027846493,17.647591011612548,1336.87431032921,981.6760867559965,angle
2020,2021,36.083475,1789749940649607,85.4518051147461,101.4876708984375,3.1694322571527023,17.647591011612548,15.846899590464309,981.6760867559965,1053.7903704258752,angle
2021,2022,36.098557,1789749940664645,99.6875228881836,108.4496078491211,3.5555869852796005,15.846899590464309,14.234136335325646,1053.7903704258752,825.9813343773949,angle
2022,2023,36.115767,1789749940681878,112.06201934814453,115.4839859008789,3.583398468235397,14.234136335325646,13.315973187330496,825.9813343773949,831.7284938994688,angle
2023,2024,36.131802,1789749940697888,123.20437622070312,122.77528381347656,7.974925974310774,13.315973187330496,10.147194014443532,831.7284938994688,650.6279824598315,angle
2024,2025,36.147352,1789749940713484,130.84222412109375,129.4557647705078,52.925580655616,10.147194014443532,5.559747682246768,650.6279824598315,299.700699813852,
2027,2028,36.199291,1789749940765414,119.91609191894531,146.60699462890625,3.6827087407489096,8.731663261479886,10.315105284176262,415.75389303303905,638.9040126464083,"cooldown,angle"
2039,2040,36.3963,1789749940962441,37.560707092285156,149.977294921875,1.0806513500245822,9.158020832911264,9.050223260225813,563.813386253233,504.58425848716627,"outside_board,angle"
2040,2041,36.414257,1789749940980377,29.546159744262695,145.77330017089844,7.629818274201142,9.050223260225813,9.015626725384662,504.58425848716627,531.0494625307571,"outside_board,angle"
2041,2042,36.431216,1789749940997354,21.076894760131836,142.6824951171875,13.11706081004728,9.015626725384662,9.493258931190933,531.0494625307571,533.2692355460586,"outside_board,angle"
2042,2043,36.449059,1789749941015156,11.653034210205078,141.53671264648438,0.5149873450696892,9.493258931190933,8.028926052516713,533.2692355460586,386.58221640506105,"outside_board,angle"
2205,2206,39.16317,1789749943729327,23.786087036132812,11.747180938720703,3.0425591708419057,15.387825278788355,16.00482262849068,1037.0552149068847,919.8173924419931,"outside_board,angle"
2206,2207,39.180572,1789749943746727,38.30839538574219,18.474506378173828,3.969096652010547,16.00482262849068,15.831567291914242,919.8173924419931,884.1981173925853,"outside_board,angle"
2207,2208,39.198484,1789749943764632,52.178428649902344,26.107376098632812,2.830798633699968,15.831567291914242,14.880878157191392,884.1981173925853,791.4518751830333,"outside_board,angle"
2208,2209,39.217281,1789749943783434,64.84532928466797,33.916996002197266,4.260487561274868,14.880878157191392,13.644288691727475,791.4518751830333,921.351117005029,"outside_board,angle"
2209,2210,39.232092,1789749943798243,75.89555358886719,41.920692443847656,3.6489752239702415,13.644288691727475,13.059169771568651,921.351117005029,819.4760147821694,"outside_board,angle"
2210,2211,39.24806,1789749943814179,85.96292114257812,50.238746643066406,4.848100865917524,13.059169771568651,13.499770963329597,819.4760147821694,817.6228552679787,"outside_board,angle"
2211,2212,39.264541,1789749943830690,95.60600280761719,59.686222076416016,4.346934785342145,13.499770963329597,13.421019259071688,817.6228552679787,733.2688225466693,"outside_board,angle"
2212,2213,39.28286,1789749943848993,104.45335388183594,69.77820587158203,3.600822127103657,13.421019259071688,12.257374956455983,733.2688225466693,619.4347562389319,angle
2213,2214,39.302637,1789749943868781,111.93878936767578,79.48446655273438,5.707991266499862,12.257374956455983,11.000105817600192,619.4347562389319,1007.6125142072174,angle
2214,2215,39.313536,1789749943879698,117.75676727294922,88.820068359375,31.51199701077007,11.000105817600192,6.331331037199774,1007.6125142072174,320.2656197683128,angle
2215,2216,39.333321,1789749943899467,117.8031005859375,95.15122985839844,33.218661205867136,6.331331037199774,6.434422889989246,320.2656197683128,550.3740390034425,angle
2216,2217,39.345004,1789749943911158,114.31758117675781,100.55982971191406,9.170043844108969,6.434422889989246,7.1652800394578495,550.3740390034425,383.4776579854348,angle
2217,2218,39.364373,1789749943929843,109.52591705322266,105.8872299194336,3.0977803654378673,7.1652800394578495,8.09008539624479,383.4776579854348,428.0241995791117,angle
2218,2219,39.382609,1789749943948744,104.44876098632812,112.18579864501953,4.447411913307311,8.09008539624479,9.132468642033356,428.0241995791117,589.4196877522496,angle
2219,2220,39.398164,1789749943964238,99.2860336303711,119.71894073486328,7.303472472924121,9.132468642033356,10.246334665352673,589.4196877522496,659.9468417720387,angle
2220,2221,39.413611,1789749943979764,94.61506652832031,128.8386688232422,3.9610839550240144,10.246334665352673,11.47253155812039,659.9468417720387,695.178546816966,angle
2221,2222,39.430119,1789749943996267,90.10298156738281,139.38665771484375,5.454177614913604,11.47253155812039,13.31962400520414,695.178546816966,752.3086136799853,angle
2230,2231,39.58102,1789749944147177,46.724796295166016,148.17440795898438,1.142199853624084,10.602984172124263,10.589816234017142,638.2341643366196,615.9376626544025,"outside_board,angle"
2231,2232,39.598232,1789749944164370,40.93583679199219,139.3069305419922,1.0941307611419748,10.589816234017142,11.327902142942483,615.9376626544025,639.272129962894,"outside_board,angle"
2232,2233,39.615956,1789749944182090,34.925655364990234,129.70489501953125,3.137097218343227,11.327902142942483,11.098450579585139,639.272129962894,616.3751293782705,"outside_board,angle"
2233,2234,39.633939,1789749944200096,28.531206130981445,120.63369750976562,7.163463877872632,11.098450579585139,10.050640184227227,616.3751293782705,780.32920684994,"outside_board,angle"
2234,2235,39.646869,1789749944212976,21.761272430419922,113.20514678955078,4.915553606766698,10.050640184227227,9.095821919688994,780.32920684994,530.4304828370069,"outside_board,angle"
2235,2236,39.66397,1789749944230124,15.08095932006836,107.03202819824219,8.608130585662519,9.095821919688994,8.094379666950266,530.4304828370069,496.1007395777314,"outside_board,angle"
2236,2237,39.680282,1789749944246440,8.38087272644043,102.49024200439453,6.290870436117284,8.094379666950266,6.616485692195564,496.1007395777314,434.5232607996036,"outside_board,angle"
2237,2238,39.69552,1789749944261667,2.530280590057373,99.40018463134766,4.287327871654253,6.616485692195564,4.479321798206286,434.5232607996036,254.8689501113107,"outside_board,angle"
2290,2291,40.581812,1789749945147973,18.399070739746094,35.75728225708008,4.7378608067564105,13.026730531028312,12.544991294175722,918.9933355222795,800.1652821900575,"outside_board,angle"
2291,2292,40.597499,1789749945163651,29.603267669677734,41.40022277832031,0.8644725913772466,12.544991294175722,12.727731902234629,800.1652821900575,642.490252510582,"outside_board,angle"
2292,2293,40.617303,1789749945183461,40.88300323486328,47.29621505737305,3.715053482966088,12.727731902234629,11.658912768929323,642.490252510582,776.898298722551,"outside_board,angle"
2293,2294,40.632308,1789749945198468,50.84385681152344,53.355228424072266,5.228300750995843,11.658912768929323,12.757991530246635,776.898298722551,781.9313269334784,"outside_board,angle"
2294,2295,40.648628,1789749945214784,61.09419250488281,60.951080322265625,5.554001108198836,12.757991530246635,11.958754242350263,781.9313269334784,697.466128680174,"outside_board,angle"
2295,2296,40.665772,1789749945231930,69.96817779541016,68.96757507324219,2.951476038975732,11.958754242350263,10.75075402812621,697.466128680174,603.2632303533028,angle
2296,2297,40.683628,1789749945249751,77.5641098022461,76.57550048828125,31.51408503397906,10.75075402812621,5.544952714512809,603.2632303533028,430.6424910308177,angle
2297,2298,40.696455,1789749945262627,78.85297393798828,81.96858215332031,49.74397125477851,5.544952714512809,4.306712384353243,430.6424910308177,249.66448604946336,
2300,2301,40.74538,1789749945311513,65.79304504394531,94.2080307006836,5.696892780717215,7.301442118786081,8.363740843125811,469.8482701921545,432.7938340556694,"cooldown,angle"
2301,2302,40.764684,1789749945330838,59.949134826660156,100.19141387939453,5.408754943743818,8.363740843125811,9.030465558314319,432.7938340556694,552.7615570982628,"cooldown,angle"
2302,2303,40.781015,1789749945347175,54.27642059326172,107.21776580810547,7.21764876484211,9.030465558314319,10.20011171525431,552.7615570982628,551.7749494349405,"cooldown,outside_board,angle"
2303,2304,40.799527,1789749945365661,48.9168586730957,115.89632415771484,4.795263130955143,10.20011171525431,10.523969388823332,551.7749494349405,614.6101377575969,"cooldown,outside_board,angle"
2304,2305,40.816625,1789749945382784,44.155006408691406,125.2813491821289,5.561047754104331,10.523969388823332,11.50605482052479,614.6101377575969,607.6927654233015,"cooldown,outside_board,angle"
2305,2306,40.835584,1789749945401718,39.96762466430664,135.99839782714844,2.432260976773182,11.50605482052479,12.896286054979774,607.6927654233015,1157.1364786881807,"cooldown,outside_board,angle"
2717,2718,47.697982,1789749952264178,93.75131225585938,6.86605167388916,12.601442627369556,19.647449543324445,19.17391308512966,1164.638384310874,1517.8841897664392,"outside_board,angle"
2718,2719,47.710613,1789749952276810,110.3609390258789,16.44515609741211,5.195257657231498,19.17391308512966,19.449899289477905,1517.8841897664392,964.5853644851172,"outside_board,angle"
2719,2720,47.730779,1789749952296974,126.26055145263672,27.64787483215332,1.7608673549080096,19.449899289477905,16.98637722725795,964.5853644851172,1044.030560986967,"outside_board,angle"
2720,2721,47.747055,1789749952313244,139.83912658691406,37.853721618652344,4.623885847980487,16.98637722725795,16.187549995499474,1044.030560986967,933.0537780563418,"outside_board,angle"
2721,2722,47.764396,1789749952330593,151.95297241210938,48.59111022949219,4.386344344150515,16.187549995499474,16.099939663576134,933.0537780563418,974.9857484149538,"outside_board,angle"
2722,2723,47.780909,1789749952347106,163.14920043945312,60.16057586669922,4.80675274098899,16.099939663576134,14.796193464048633,974.9857484149538,887.7538527658627,angle
2723,2724,47.797581,1789749952363773,172.51162719726562,71.61798858642578,11.407735823697427,14.796193464048633,10.3911561425869,887.7538527658627,636.6349799403811,angle
2724,2725,47.813902,1789749952380095,177.36534118652344,80.80589294433594,45.007927206780344,10.3911561425869,6.19853026950221,636.6349799403811,338.84711471613235,
2727,2728,47.87021,1789749952436406,163.12913513183594,96.76388549804688,4.34604828627252,8.865186093848902,10.16954228809573,390.05570634674854,1176.621808179536,"cooldown,angle"
2728,2729,47.878933,1789749952445049,155.46726989746094,103.45084381103516,6.010547207846207,10.16954228809573,10.902922075520806,1176.621808179536,678.7600121721226,"cooldown,angle"
2729,2730,47.894914,1789749952461112,148.04872131347656,111.44076538085938,6.774807473097904,10.902922075520806,11.989695034537851,678.7600121721226,647.9165109180142,"cooldown,angle"
2730,2731,47.913431,1789749952479617,140.9841766357422,121.12812805175781,6.563393767974658,11.989695034537851,13.113196635243167,647.9165109180142,766.136751299554,"cooldown,angle"
2731,2732,47.930549,1789749952496733,134.5193328857422,132.53697204589844,3.3836119283952018,13.113196635243167,14.298673321927508,766.136751299554,840.0113571805609,"cooldown,angle"
2741,2742,48.095502,1789749952661703,65.75173950195312,146.23426818847656,0.33090149922668444,12.731626282098366,15.105265376089754,1003.2802428761518,797.9537969408217,angle
2742,2743,48.114437,1789749952680633,56.13164520263672,134.5885467529297,0.20365908407481764,15.105265376089754,15.826553404756401,797.9537969408217,895.6736505238483,"outside_board,angle"
2743,2744,48.132108,1789749952698303,46.095619201660156,122.35098266601562,3.0091305960606696,15.826553404756401,14.224356631134054,895.6736505238483,912.4026062305359,"outside_board,angle"
2744,2745,48.147688,1789749952713893,36.51064682006836,111.84095764160156,4.614271304382625,14.224356631134054,13.35969817263194,912.4026062305359,879.3903483828291,"outside_board,angle"
2745,2746,48.162892,1789749952729085,26.743389129638672,102.72601318359375,6.581642726955116,13.35969817263194,12.35221267784017,879.3903483828291,664.1331618818307,"outside_board,angle"
2746,2747,48.181494,1789749952747684,16.80626106262207,95.38907623291016,2.9941955002987375,12.35221267784017,10.935353018333174,664.1331618818307,644.7731732507768,"outside_board,angle"
2747,2748,48.198474,1789749952764644,7.681696891784668,89.36211395263672,6.359322871216802,10.935353018333174,8.794997725401064,644.7731732507768,463.6755443589764,"outside_board,angle"
2921,2922,51.095843,1789749955662057,111.66232299804688,9.914692878723145,9.071786397773787,17.340792800225,16.627854481501092,1008.3028724401094,896.7670413925732,"outside_board,angle"
2922,2923,51.114388,1789749955680599,124.74720001220703,20.174884796142578,2.6400621435042453,16.627854481501092,16.605328059670057,896.7670413925732,889.7935944523662,"outside_board,angle"
2923,2924,51.133052,1789749955699261,137.32852172851562,31.01219367980957,2.0150082137157432,16.605328059670057,15.194998753190399,889.7935944523662,1414.2776203639612,"outside_board,angle"
2924,2925,51.143785,1789749955710005,148.4854736328125,41.327735900878906,5.826182704444126,15.194998753190399,16.111578779795018,1414.2776203639612,878.0630432064427,"outside_board,angle"
2925,2926,51.162149,1789749955728354,159.14401245117188,53.40989303588867,2.3234151743579328,16.111578779795018,14.181717034998178,878.0630432064427,777.2507418063235,"outside_board,angle"
2926,2927,51.18039,1789749955746600,168.08700561523438,64.41643524169922,3.3354436878590596,14.181717034998178,12.853508561365363,777.2507418063235,765.727901904287,angle
2927,2928,51.197178,1789749955763386,175.59829711914062,74.84683227539062,27.878132173552157,12.853508561365363,7.277658127604448,765.727901904287,455.2235020707104,angle
2928,2929,51.213163,1789749955779373,176.59616088867188,82.05575561523438,45.58788864384146,7.277658127604448,6.682714041114368,455.2235020707104,378.92458840521476,
2931,2932,51.26484,1789749955831054,158.97804260253906,97.92575073242188,5.2911003029464805,9.220244635181597,9.562945567674884,513.6054275390818,649.4360317606033,"cooldown,angle"
2932,2933,51.279565,1789749955845779,151.98936462402344,104.45325469970703,7.5048183195273,9.562945567674884,11.065741025012631,649.4360317606033,650.4667896198349,"cooldown,angle"
2933,2934,51.296579,1789749955862791,144.95823669433594,112.9980697631836,6.532442517205661,11.065741025012631,12.581720692357592,650.4667896198349,689.9007891844926,"cooldown,angle"
2934,2935,51.314815,1789749955881028,138.1210479736328,123.5599136352539,3.4904472785438516,12.581720692357592,13.988184173397887,689.9007891844926,900.7201657049509,"cooldown,angle"
2935,2936,51.330343,1789749955896558,131.24856567382812,135.74343872070312,3.6592851150889127,13.988184173397887,15.002503660800723,900.7201657049509,795.7621418766628,"cooldown,angle"
2945,2946,51.495856,1789749956062072,59.96691131591797,140.71812438964844,1.433694172927401,13.36153062735123,15.186504421065711,786.3887132806327,858.188540973424,angle
2946,2947,51.513577,1789749956079768,50.3896369934082,128.9322967529297,3.67776631163996,15.186504421065711,14.779086578441378,858.188540973424,873.5201003866291,"outside_board,angle"
2947,2948,51.530474,1789749956096687,40.3527717590332,118.0841293334961,1.8140408368006402,14.779086578441378,13.835322141127373,873.5201003866291,744.6752861363567,"outside_board,angle"
2948,2949,51.54905,1789749956115266,31.28302764892578,107.63636016845703,9.448967614185593,13.835322141127373,13.23618971719001,744.6752861363567,1097.8012538102355,"outside_board,angle"
2949,2950,51.56111,1789749956127323,21.082847595214844,99.20113372802734,4.024145674298994,13.23618971719001,12.177191813273922,1097.8012538102355,710.4545982073466,"outside_board,angle"
2950,2951,51.578248,1789749956144463,11.177300453186035,92.11846923828125,3.207845628044295,12.177191813273922,10.389602803076423,710.4545982073466,546.4185759480606,"outside_board,angle"
3158,3159,55.048657,1789749959614887,12.024036407470703,32.04875183105469,15.645419154615315,14.210348476967026,17.15828708909744,765.1490672500014,1394.1892491344308,"outside_board,angle"
3159,3160,55.060966,1789749959627194,27.369821548461914,39.72427749633789,1.3959091958918821,17.15828708909744,17.155389781317574,1394.1892491344308,1010.4482142371053,"outside_board,angle"
3160,3161,55.077944,1789749959644172,42.89541244506836,47.022457122802734,5.551598793599552,17.155389781317574,15.635213816579139,1010.4482142371053,799.5098085794201,"outside_board,angle"
3161,3162,55.097499,1789749959663728,56.33539962768555,55.01161575317383,4.876913943190768,15.635213816579139,16.189684797767192,799.5098085794201,943.34487808922,"outside_board,angle"
3162,3163,55.114662,1789749959680890,69.49833679199219,64.43727111816406,2.845133076406309,16.189684797767192,15.031078846838115,943.34487808922,1118.1342592306862,"outside_board,angle"
3163,3164,55.128097,1789749959694333,81.26983642578125,73.7842025756836,3.813419593842576,15.031078846838115,13.78920536052525,1118.1342592306862,834.0413331231628,angle
3164,3165,55.144661,1789749959710866,91.47457885742188,83.05811309814453,4.802224006065919,13.78920536052525,12.963666490920318,834.0413331231628,726.2558258218666,angle
3165,3166,55.16249,1789749959728716,100.30480194091797,92.54936218261719,1.6115228449952723,12.963666490920318,12.380385135390384,726.2558258218666,782.8254906980958,angle
3166,3167,55.178307,1789749959744531,108.47947692871094,101.84713745117188,10.808030490271118,12.380385135390384,9.356749336355254,782.8254906980958,524.6285021785957,angle
3167,3168,55.196144,1789749959762366,113.23037719726562,109.90801239013672,37.73336282869907,9.356749336355254,6.114096820438831,524.6285021785957,385.89351302946415,
3170,3171,55.247081,1789749959813307,103.2287368774414,127.61878967285156,1.4696439465548696,8.002245948041981,8.830998591701961,449.3371861441957,641.9743087890348,"cooldown,angle"
3171,3172,55.26082,1789749959827063,97.58670043945312,134.41246032714844,7.268791373401955,8.830998591701961,9.58257215803723,641.9743087890348,508.8992117916745,"cooldown,angle"
3172,3173,55.279676,1789749959845893,92.4464111328125,142.4996795654297,7.598617516517248,9.58257215803723,11.90758595971183,508.8992117916745,686.43488555438,"cooldown,angle"
3182,3183,55.446024,1789749960012257,41.3742561340332,145.8660125732422,1.4206344626513177,8.754387908533658,9.431082078713226,540.0609443882578,589.7743780072057,"outside_board,angle"
3183,3184,55.462016,1789749960028248,35.244041442871094,138.6990203857422,0.33927683400934966,9.431082078713226,9.631792648113818,589.7743780072057,544.2305711444128,"outside_board,angle"
3184,3185,55.479714,1789749960045946,28.94013214111328,131.4167022705078,6.122413819405031,9.631792648113818,9.318843987998767,544.2305711444128,513.5764115733682,"outside_board,angle"
3185,3186,55.497875,1789749960064091,22.124385833740234,125.0616683959961,7.872511895901665,9.318843987998767,8.40520530254859,513.5764115733682,510.98579260432786,"outside_board,angle"
3186,3187,55.514317,1789749960080540,15.249703407287598,120.22573852539062,7.773332378764308,8.40520530254859,7.7952745530682535,510.98579260432786,595.195430485474,"outside_board,angle"
3187,3188,55.527415,1789749960093637,8.325859069824219,116.64430236816406,8.071023864828627,7.7952745530682535,6.2228935580617675,595.195430485474,357.37055981518216,"outside_board,angle"
3188,3189,55.544819,1789749960111050,2.4519596099853516,114.5896224975586,16.245428666396393,6.2228935580617675,4.105110320309053,357.37055981518216,241.4770776652384,"outside_board,angle"
3232,3233,56.277495,1789749960843724,14.610980987548828,61.79265594482422,2.1785120341461,8.860645293028867,9.596697313303453,725.8659206216815,521.7014032782524,"outside_board,angle"
3233,3234,56.295887,1789749960862119,22.902137756347656,66.62518310546875,0.9889251510603422,9.596697313303453,10.67909559315088,521.7014032782524,657.4583262421277,"outside_board,angle"
3234,3235,56.312126,1789749960878362,32.03425598144531,72.16120147705078,9.772481627140838,10.67909559315088,9.938021390065357,657.4583262421277,579.848380306048,"outside_board,angle"
3235,3236,56.329264,1789749960895501,39.534881591796875,78.68077850341797,2.110002504311513,9.938021390065357,9.590502548527088,579.848380306048,573.0805227682754,"outside_board,angle"
3236,3237,56.346003,1789749960912236,46.99995803833008,84.70160675048828,4.923800002533753,9.590502548527088,10.550498568755783,573.0805227682754,616.6636605737204,"outside_board,angle"
3237,3238,56.363107,1789749960929345,54.61347198486328,92.00553894042969,4.026383057146552,10.550498568755783,9.461554908650916,616.6636605737204,490.8463845533781,"outside_board,angle"
3238,3239,56.382386,1789749960948621,60.96440505981445,99.01885986328125,28.39055267384035,9.461554908650916,5.515428370825293,490.8463845533781,464.6136273966215,angle
3239,3240,56.394248,1789749960960492,62.27739715576172,104.37572479248047,43.14127296957876,5.515428370825293,5.453522404842734,464.6136273966215,308.8239653911736,
3242,3243,56.44752,1789749961013754,49.035587310791016,120.45954132080078,4.042394398480795,7.980189353797079,8.365578181495557,450.1206697386812,487.1638819878615,"cooldown,outside_board,angle"
3243,3244,56.464688,1789749961030926,43.783531188964844,126.97097778320312,9.186783582861777,8.365578181495557,8.963338404502837,487.1638819878615,760.571778065578,"cooldown,outside_board,angle"
3244,3245,56.476464,1789749961042711,39.342227935791016,134.75662231445312,4.037679098313331,8.963338404502837,10.031754813551423,760.571778065578,502.21551006515256,"cooldown,outside_board,angle"
3307,3308,57.532578,1789749962098817,49.886260986328125,34.83412170410156,2.3369958991088167,22.633184673963978,16.735063652712007,1169.4318835364254,1509.9759679429765,"outside_board,angle"
3308,3309,57.543647,1789749962109900,66.32445526123047,37.972293853759766,3.8463795368406615,16.735063652712007,18.171404646109366,1509.9759679429765,929.9592961161394,"outside_board,angle"
3309,3310,57.563197,1789749962129440,83.90472412109375,42.56947708129883,5.068461041659021,18.171404646109366,16.887699844096925,929.9592961161394,1047.0394844129783,"outside_board,angle"
3310,3311,57.579327,1789749962145569,99.80171203613281,48.26861572265625,7.127284773254129,16.887699844096925,17.473793232986395,1047.0394844129783,981.618630020021,"outside_board,angle"
3311,3312,57.597137,1789749962163370,115.39165496826172,56.16083526611328,2.857640336816975,17.473793232986395,16.070534701656545,981.618630020021,800.8040014778027,"outside_board,angle"
3312,3313,57.617199,1789749962183438,129.3499298095703,64.12504577636719,4.713436899339036,16.070534701656545,14.32630193876744,800.8040014778027,1322.9570540924776,angle
3313,3314,57.628016,1789749962194267,141.16773986816406,72.22333526611328,4.371690984185898,14.32630193876744,13.594777321493376,1322.9570540924776,696.3467357216297,angle
3314,3315,57.647563,1789749962213790,151.76370239257812,80.74058532714844,4.760559164690578,13.594777321493376,12.43997335911803,696.3467357216297,690.879337949463,angle
3315,3316,57.665556,1789749962231796,160.77932739257812,89.3121337890625,3.1188726489824283,12.43997335911803,12.22349897147075,690.879337949463,1052.7516123909008,angle
3316,3317,57.677157,1789749962243407,169.1667022705078,98.20403289794922,24.328849282247237,12.22349897147075,6.937748903210044,1052.7516123909008,405.9537099596281,angle
3317,3318,57.694246,1789749962260497,171.42526245117188,104.76385498046875,43.378455989466325,6.937748903210044,6.244165707081006,405.9537099596281,298.6638784656338,
3320,3321,57.746839,1789749962313080,158.51629638671875,122.37245178222656,3.7003048453272025,8.556986815841473,9.254450276083194,461.1687855479102,514.4219164026233,"cooldown,angle"
3321,3322,57.764827,1789749962331070,152.9855499267578,129.7924041748047,5.745006749829481,9.254450276083194,10.224056682853352,514.4219164026233,877.2249406137582,"cooldown,angle"
3322,3323,57.776471,1789749962342725,147.72659301757812,138.5602264404297,6.297764978341331,10.224056682853352,11.710920717493051,877.2249406137582,559.0205125539669,"cooldown,angle"
3332,3333,57.944689,1789749962510944,99.57279968261719,150.9004669189453,3.5814123610025237,9.397272098985983,10.614398216511708,629.1692621174333,607.6133846534838,angle
3333,3334,57.96216,1789749962528413,93.62139892578125,142.11148071289062,0.031179221850983242,10.614398216511708,10.794388286726546,607.6133846534838,585.7283784647319,angle
3334,3335,57.980615,1789749962546842,87.57394409179688,133.170166015625,3.420825697765782,10.794388286726546,9.688132898919326,585.7283784647319,494.3681634392675,angle
3335,3336,58.000201,1789749962566439,81.67708587646484,125.48336029052734,6.031263181867012,9.688132898919326,8.704299107829481,494.3681634392675,843.4398360299886,angle
3336,3337,58.010504,1789749962576759,75.6827392578125,119.17205047607422,8.722096504098442,8.704299107829481,8.36963969173847,843.4398360299886,416.5450501039402,angle
3337,3338,58.030614,1789749962596852,69.06525421142578,114.04762268066406,12.64085792627712,8.36963969173847,7.450626831713967,416.5450501039402,429.3567009574118,angle
3338,3339,58.047972,1789749962614205,62.31888961791992,110.8855972290039,14.70482288325298,7.450626831713967,8.196613191867064,429.3567009574118,574.2337951427115,angle
3339,3340,58.062231,1789749962628479,54.25713348388672,109.40486907958984,14.007610796410205,8.196613191867064,7.720273473213424,574.2337951427115,372.65402679989495,"outside_board,angle"
3340,3341,58.082955,1789749962649196,46.552093505859375,109.88961791992188,8.82325437077836,7.720273473213424,7.4107835900842325,372.65402679989495,659.029220994596,"outside_board,angle"
3341,3342,58.094185,1789749962660441,39.3148307800293,111.48390197753906,13.757549809046957,7.4107835900842325,8.145412973437798,659.029220994596,427.24432066287955,"outside_board,angle"
3342,3343,58.113268,1789749962679506,32.00508117675781,115.07769012451172,9.379105778638804,8.145412973437798,9.147660916674969,427.24432066287955,467.7914045857821,"outside_board,angle"
3343,3344,58.132822,1789749962699061,24.563379287719727,120.39753723144531,9.221410686174181,9.147660916674969,10.104351020567288,467.7914045857821,813.1620006894648,"outside_board,angle"
3344,3345,58.145245,1789749962711487,17.39129638671875,127.51506042480469,3.631432571839502,10.104351020567288,11.92819276942784,813.1620006894648,704.1020464805997,"outside_board,angle"
3345,3346,58.162173,1789749962728428,9.47382926940918,136.4366912841797,10.45321506461306,11.92819276942784,13.357190199308183,704.1020464805997,730.3001749211691,"outside_board,angle"
